ID,Name,Meals,Category,Prep,Icon,Description
rigatoni,"Rigatoni: al Ragu (minced meat, tomato sauce)",lunch,pasta,baked,rigatoni,
mushroom-fusilli,Fusilli: Mushrooms,lunch,pasta,stir-fried,mushroom-fusilli,
cheese-pepper-pasta,Penne: Cheese and Pepper,lunch,pasta,tossed,cheese-pepper-pasta,
pistachio-pesto-chicken,Fusilli: Pistachio Pesto with Chicken,lunch,pasta,tossed,pistachio-pesto-chicken,
cheesy-rigatoni,Rigatoni: Baked with Cheese,lunch,pasta,baked,cheesy-rigatoni,
chicken-pasta-broccoli,Penne: Chicken and Broccoli,lunch,pasta,tossed,chicken-pasta-broccoli,
aglio-olio,Spaghetti: Aglio e Olio with Prawns,lunch,pasta,tossed,aglio-olio,
carbonara,Spaghetti: Carbonara,lunch,pasta,tossed,carbonara,
chicken-rice,Hainanese Chicken Rice,lunch,rice,steamed,chicken-rice,
soy-chicken-chye-sim,Soy Chicken and Chye Sim Rice,lunch,rice,braised,soy-chicken-chye-sim,
chicken-mushroom-rice,Chicken and Mushroom One-Pot Rice,lunch,rice,steamed,chicken-mushroom-rice,
porridge,Porridge with Spring Rolls,lunch,rice,boiled,porridge,
fried-rice,Fried Rice,lunch,rice,fried,fried-rice,
claypot-rice,Claypot Chicken Rice,lunch,rice,claypot,claypot-rice,
nasi-lemak,Nasi Lemak,lunch,rice,steamed,nasi-lemak,
crispy-noodle,Chinese Crispy Noodles,lunch,noodles,dry,crispy-noodle,
bee-hoon,Fried Bee Hoon,lunch,noodles,dry,bee-hoon,
mee-sua-soup,Mee Sua Soup,lunch,noodles,soup,mee-sua-soup,
kway-teow-soup,Kway Teow Soup,lunch,noodles,soup,kway-teow-soup,
hokkien-mee,Hokkien Mee,lunch,noodles,dry,hokkien-mee,
wanton-noodles,Wanton Noodles,lunch,noodles,dry,wanton-noodles,
ban-mian,Ban Mian,lunch,noodles,soup,ban-mian,
rice,Rice,dinner,rice,steamed,rice,
kai-lan,Stir-fried Kai Lan,dinner,vegetables,stir-fried,kai-lan,
baby-spinach,Stir-fried Baby Spinach,dinner,vegetables,stir-fried,baby-spinach,
red-spinach,Stir-fried Red Spinach,dinner,vegetables,stir-fried,red-spinach,
kang-kong,Stir-fried Kang Kong,dinner,vegetables,stir-fried,kang-kong,
wawa-vegetable,Stir-fried WaWa Vegetable,dinner,vegetables,stir-fried,wawa-vegetable,
broccoli,Stir-fried Broccoli,dinner,vegetables,stir-fried,broccoli,
chye-sim,Blanched Chye Sim with Oyster Sauce,dinner,vegetables,blanched,chye-sim,
nai-bai,Stir-fried Nai Bai,dinner,vegetables,stir-fried,nai-bai,
sweet-potato-leaves,Sweet Potato Leaves with Sambal Belacan,dinner,vegetables,stir-fried,sweet-potato-leaves,
okra-sambal,Lady's Fingers with Sambal,dinner,vegetables,stir-fried,okra-sambal,
beansprouts-chives,Stir-fried Beansprouts with Chives,dinner,vegetables,stir-fried,beansprouts-chives,
french-beans,Stir-fried French Beans,dinner,vegetables,stir-fried,french-beans,
cabbage-mushroom,Braised Chinese Cabbage with Mushrooms,dinner,vegetables,braised,cabbage-mushroom,
asparagus-garlic,Stir-fried Asparagus with Garlic,dinner,vegetables,stir-fried,asparagus-garlic,
steam-fish-ginger-spring-onion,Steamed Red Snapper with Ginger and Spring Onion,dinner,fish,steamed,steam-fish-ginger-spring-onion,
steam-fish-pomfret,Steamed Pomfret with Sour Plums,dinner,fish,steamed,steam-fish-pomfret,
fried-seabass,Pan-Fried Seabass,dinner,fish,fried,fried-seabass,
fried-salmon,Pan-Fried Salmon,dinner,fish,fried,fried-salmon,
claypot-fish-eggplant,Claypot Sliced Fresh Fish with Eggplants,dinner,fish,claypot,claypot-fish-eggplant,
sweet-sour-fish,Sweet and Sour Fish,dinner,fish,fried,sweet-sour-fish,
assam-fish,Assam Fish,dinner,fish,braised,assam-fish,
steamed-minced-pork,Steamed Minced Pork with Chestnuts,dinner,pork,steamed,steamed-minced-pork,
sliced-pork-sichuan-claypot,Claypot Sliced Pork with Sichuan Vegetables,dinner,pork,claypot,sliced-pork-sichuan-claypot,
pork-egg-tau-pok,Pork with Egg and Tau Pok,dinner,pork,braised,pork-egg-tau-pok,
japanese-pork-cutlet,Tonkatsu (Japanese Pork Cutlet),dinner,pork,fried,japanese-pork-cutlet,
thai-pork-garlic,Stir-fried Thai Style Sliced Pork with Garlic,dinner,pork,stir-fried,thai-pork-garlic,
sweet-sour-pork,Sweet and Sour Pork,dinner,pork,fried,sweet-sour-pork,
marmite-pork-ribs,Marmite Pork Ribs,dinner,pork,fried,marmite-pork-ribs,
steamed-chicken-mushrooms,Steamed Chicken with Mushrooms,dinner,chicken,steamed,steamed-chicken-mushrooms,
chicken-salted-bean-paste,Claypot Chicken with Salted Bean Paste,dinner,chicken,claypot,chicken-salted-bean-paste,
curry-chicken,Curry Chicken,dinner,chicken,braised,curry-chicken,
fried-chicken-wing,Fried Chicken Wing,dinner,chicken,fried,fried-chicken-wing,
kung-pao-chicken,Kung Pao Chicken,dinner,chicken,stir-fried,kung-pao-chicken,
ginger-spring-onion-chicken,Chicken with Ginger and Spring Onion,dinner,chicken,stir-fried,ginger-spring-onion-chicken,
fish-and-fish-soup,Fish Soup,dinner,soup,soup,fish-and-fish-soup,
corn-soup,Corn and Carrot Soup,dinner,soup,soup,corn-soup,
pork-rib-soup,Bak Kut Teh,dinner,soup,soup,pork-rib-soup,
abc-soup,"ABC Soup (Pork Ribs, Potato, Carrot, Tomato)",dinner,soup,soup,abc-soup,
lotus-root-soup,Lotus Root Soup with Pork Ribs,dinner,soup,soup,lotus-root-soup,
watercress-soup,Watercress Soup with Pork Ribs,dinner,soup,soup,watercress-soup,
old-cucumber-soup,Old Cucumber Soup,dinner,soup,soup,old-cucumber-soup,
winter-melon-soup,Winter Melon Soup,dinner,soup,soup,winter-melon-soup,
egg-onion-carrot,Egg with Onion and Carrot,dinner,eggs,stir-fried,egg-onion-carrot,
tomato-egg-stirfry,Chinese Tomato and Egg Stir-fry,dinner,eggs,stir-fried,tomato-egg-stirfry,
steamed-egg-custard,Chinese Steamed Egg Custard,dinner,eggs,steamed,steamed-egg-custard,
chai-poh-omelette,Chai Poh Omelette (Preserved Radish),dinner,eggs,fried,chai-poh-omelette,
crispy-prawn-ball,Crispy Prawn Ball,dinner,prawn,fried,crispy-prawn-ball,
prawn-glass-noodle,Steamed Prawn with Glass Noodle,dinner,prawn,steamed,prawn-glass-noodle,
cereal-prawns,Cereal Prawns,dinner,prawn,fried,cereal-prawns,
sambal-prawns,Sambal Prawns,dinner,prawn,stir-fried,sambal-prawns,
claypot-tofu,Claypot Tofu,dinner,tofu,claypot,claypot-tofu,
mapo-tofu,Mapo Tofu,dinner,tofu,stir-fried,mapo-tofu,
steamed-egg-tofu-pork,Steamed Egg Tofu with Minced Pork,dinner,tofu,steamed,steamed-egg-tofu-pork,
braised-tofu-mushroom,Braised Tofu with Mushrooms,dinner,tofu,braised,braised-tofu-mushroom,
